image,title,description
1,Gallery Image 1,Gallery Image 1
2,Gallery Image 2,Gallery Image 2
3,Gallery Image 3,Gallery Image 3
4,Gallery Image 4,Gallery Image 4
5,Gallery Image 5,Gallery Image 5
6,Gallery Image 6,Gallery Image 6
7,Gallery Image 7,Gallery Image 7
8,Gallery Image 8,Gallery Image 8
9,Gallery Image 9,Gallery Image 9
10,Gallery Image 10,Gallery Image 10
11,Gallery Image 11,Gallery Image 11
12,Gallery Image 12,Gallery Image 12
13,Gallery Image 13,Gallery Image 13
14,Gallery Image 14,Gallery Image 14
15,Gallery Image 15,Gallery Image 15
16,Gallery Image 16,Gallery Image 16
17,Gallery Image 17,Gallery Image 17
18,Gallery Image 18,Gallery Image 18
19,Gallery Image 19,Gallery Image 19
20,Gallery Image 20,Gallery Image 20
21,Gallery Image 21,Gallery Image 21
22,Gallery Image 22,Gallery Image 22
23,Gallery Image 23,Gallery Image 23
24,Gallery Image 24,Gallery Image 24
25,Gallery Image 25,Gallery Image 25
26,Gallery Image 26,Gallery Image 26
27,Gallery Image 27,Gallery Image 27
28,Gallery Image 28,Gallery Image 28
29,Gallery Image 29,Gallery Image 29
30,Gallery Image 30,Gallery Image 30
31,Gallery Image 31,Gallery Image 31
32,Gallery Image 32,Gallery Image 32
33,Gallery Image 33,Gallery Image 33
34,Gallery Image 34,Gallery Image 34
35,Gallery Image 35,Gallery Image 35
36,Gallery Image 36,Gallery Image 36
37,Gallery Image 37,Gallery Image 37
38,Gallery Image 38,Gallery Image 38
39,Gallery Image 39,Gallery Image 39
40,Gallery Image 40,Gallery Image 40
