image,title,description,category
WATER PIPES 1,WATER PIPES 1,WATER PIPES 1,PIPES-WATERPIPES-TUBES
WATER PIPES 2,WATER PIPES 2,WATER PIPES 2,PIPES-WATERPIPES-TUBES
WATER PIPES 3,WATER PIPES 3,WATER PIPES 3,PIPES-WATERPIPES-TUBES
WATER PIPES 4,WATER PIPES 4,WATER PIPES 4,PIPES-WATERPIPES-TUBES
WATER PIPES 5,WATER PIPES 5,WATER PIPES 5,PIPES-WATERPIPES-TUBES
WATER PIPES 6,WATER PIPES 6,WATER PIPES 6,PIPES-WATERPIPES-TUBES
WATER PIPES 7,WATER PIPES 7,WATER PIPES 7,PIPES-WATERPIPES-TUBES
DECKS 1,DECKS 1,DECKS 1,DECKS-TRUCKS-WHEELS
DECKS 2,DECKS 2,DECKS 2,DECKS-TRUCKS-WHEELS
DECKS 3,DECKS 3,DECKS 3,DECKS-TRUCKS-WHEELS
DECKS 4,DECKS 4,DECKS 4,DECKS-TRUCKS-WHEELS
DECKS 5,DECKS 5,DECKS 5,DECKS-TRUCKS-WHEELS
DECKS 6,DECKS 6,DECKS 6,DECKS-TRUCKS-WHEELS
TOBACCO 1,TOBACCO 1,TOBACCO 1,TOBACCO-ACCESORRIES
TOBACCO 2,TOBACCO 2,TOBACCO 2,TOBACCO-ACCESORRIES
TOBACCO 3,TOBACCO 3,TOBACCO 3,TOBACCO-ACCESORRIES
TOBACCO 4,TOBACCO 4,TOBACCO 4,TOBACCO-ACCESORRIES
TOBACCO 5,TOBACCO 5,TOBACCO 5,TOBACCO-ACCESORRIES
TOBACCO 6,TOBACCO 6,TOBACCO 6,TOBACCO-ACCESORRIES
TOBACCO 7,TOBACCO 7,TOBACCO 7,TOBACCO-ACCESORRIES
TOBACCO 8,TOBACCO 8,TOBACCO 8,TOBACCO-ACCESORRIES
TOBACCO 9,TOBACCO 9,TOBACCO 9,TOBACCO-ACCESORRIES
HOME PAGE 2,HOME PAGE 2,HOME PAGE 2,HOME
HOME PAGE 3,HOME PAGE 3,HOME PAGE 3,HOME
HOME PAGE 4,HOME PAGE 4,HOME PAGE 4,HOME
HOME PAGE 5,HOME PAGE 5,HOME PAGE 5,HOME
HOME PAGE 6,HOME PAGE 6,HOME PAGE 6,HOME
